{"cameraMode":{"drawMode":0,"name":"Shaded","section":"Shading Mode"},"sceneLighting":false,"audioPlay":false,"sceneViewState":{"m_AlwaysRefresh":false,"showFog":true,"showSkybox":false,"showFlares":true,"showImageEffects":true,"showParticleSystems":true,"showVisualEffectGraphs":true,"m_FxEnabled":true},"in2DMode":false,"pivot":{"x":-15.432964324951172,"y":-5.111606597900391,"z":-1.8769289255142213},"rotation":{"x":-0.13221225142478944,"y":0.7951816916465759,"z":-0.18728530406951905,"w":-0.5613476634025574},"size":0.16350141167640687,"orthographic":false}